Model_ID,Model_Name,Age,Country,Height_cm,Walk_Score,Outfit_Type,Show_Year,Instagram_Followers
VS001,Gigi Hadid,28,USA,178,9.5,Angel,2023,78000000
VS002,Bella Hadid,27, USA ,175,9.7,Angel,2023,61000000
VS003,Adriana Lima,42,Brazil,178,9.8,Angel,2023,15000000
VS004,Candice Swanepoel,35,South Africa,177,9.4,angel,2023,20000000
VS005,Taylor Hill,27,USA,176,9.1,Angel,2023,
VS006,Barbara Palvin,30,Hungary,175,8.9,Runway,2023,19000000
VS007,Elsa Hosk,,Sweden,177,9.2,Runway,2023,8500000
VS008,Romee Strijd,28,Netherlands,181,9.0,Runway,2023,8000000
VS009, Jasmine Tookes ,32,USA,175,9.3,Angel,2023,5000000
VS010,Josephine Skriver,31,Denmark,180,N/A,Runway,2023,8500000
VS011,gigi hadid,28,usa,178,9.5,Angel,2023,78000000
VS012,None,26,Brazil,174,8.8,Fantasy,2023,4200000
VS013,Sara Sampaio,32,Portugal,172,9.1,Fantasy,2023,$12000000
VS014,Martha Hunt,34,USA,178,8.7,Fantasy,2023,6400000
VS015,Behati Prinsloo,35,Namibia,180,9.0,Fantasy,2023,9100000
